{"cameraMode":{"drawMode":0,"name":"Shaded","section":"Shading Mode"},"sceneLighting":true,"audioPlay":false,"sceneViewState":{"showFog":true,"showMaterialUpdate":false,"showSkybox":true,"showFlares":true,"showImageEffects":true,"showParticleSystems":true},"in2DMode":false,"pivot":{"x":65.5296630859375,"y":-92.96170806884766,"z":26.7021484375},"rotation":{"x":-0.03755102679133415,"y":0.8990869522094727,"z":-0.07869905233383179,"w":-0.4289971888065338},"size":201.09677124023438,"orthographic":false}