{"cameraMode":{"drawMode":0,"name":"Shaded","section":"Shading Mode"},"sceneLighting":true,"audioPlay":false,"sceneViewState":{"showFog":true,"showMaterialUpdate":false,"showSkybox":true,"showFlares":true,"showImageEffects":true,"showParticleSystems":true},"in2DMode":false,"pivot":{"x":5718.869140625,"y":-1470.247802734375,"z":-5165.6513671875},"rotation":{"x":-0.03566925227642059,"y":-0.9101757407188416,"z":0.08021251857280731,"w":-0.404843270778656},"size":6120.9599609375,"orthographic":false}